{"cameraMode":{"drawMode":0,"name":"Shaded","section":"Shading Mode"},"sceneLighting":true,"audioPlay":false,"sceneViewState":{"showFog":true,"showMaterialUpdate":false,"showSkybox":true,"showFlares":true,"showImageEffects":true,"showParticleSystems":true},"in2DMode":false,"pivot":{"x":1.2394635677337647,"y":0.7317050695419312,"z":-17.494503021240236},"rotation":{"x":-0.00043649409781210124,"y":0.9995597004890442,"z":-0.018303338438272477,"w":-0.02369295433163643},"size":10.683575630187989,"orthographic":false}