{"cameraMode":{"drawMode":0,"name":"Shaded","section":"Shading Mode"},"sceneLighting":false,"audioPlay":false,"sceneViewState":{"showFog":true,"showMaterialUpdate":false,"showSkybox":false,"showFlares":true,"showImageEffects":true,"showParticleSystems":true},"in2DMode":false,"pivot":{"x":0.2925068140029907,"y":0.92763352394104,"z":-0.755599319934845},"rotation":{"x":0.003722343361005187,"y":0.9962829351425171,"z":-0.06015806272625923,"w":0.061649028211832049},"size":1.5354719161987305,"orthographic":false}