{"cameraMode":{"drawMode":0,"name":"Shaded","section":"Shading Mode"},"sceneLighting":false,"audioPlay":false,"sceneViewState":{"showFog":true,"showMaterialUpdate":false,"showSkybox":false,"showFlares":true,"showImageEffects":true,"showParticleSystems":true},"in2DMode":false,"pivot":{"x":9.989999771118164,"y":0.8891725540161133,"z":-0.9443678855895996},"rotation":{"x":-0.0012699209619313479,"y":0.9986911416053772,"z":-0.04077853262424469,"w":-0.03116818517446518},"size":1.3986631631851197,"orthographic":false}