{"cameraMode":{"drawMode":0,"name":"Shaded","section":"Shading Mode"},"sceneLighting":true,"audioPlay":false,"sceneViewState":{"showFog":true,"showMaterialUpdate":false,"showSkybox":true,"showFlares":true,"showImageEffects":true,"showParticleSystems":true},"in2DMode":false,"pivot":{"x":4.16313362121582,"y":1.0963438749313355,"z":-1.0017974376678467},"rotation":{"x":-0.00044123962288722396,"y":0.9995654225349426,"z":-0.021303236484527589,"w":-0.02069367840886116},"size":2.135471820831299,"orthographic":false}